<?xml version="1.0" encoding="utf-8"?>
<!--/967806/517467/2.49/3/3/Transistor/-->
<quadcept_library>
  <setting unit="mil" />
  <textstyle name="Default" height="47.244094488189" strokewidth="7.8740157480315" charwidth="47.244094488189" />
  <textstyle name="Dimension" height="19.6850393700787" strokewidth="0" charwidth="19.6850393700787" />
  <textstyle name="H127W0635TH00762" height="50" strokewidth="3" charwidth="25" />
  <textstyle name="H15W15TH02" height="59.0551181102362" strokewidth="7.8740157480315" charwidth="59.0551181102362" />
  <padstyle name="c205.5_h137" surface="False" plated="True" isvia="False" nopaste="True" nomask="True" complex="False" holesize="53.937007874015">
    <padshape layer="TOP" shape="round" width="80.905511811023" height="80.905511811023" />
    <padshape layer="TOP_SOLDER_MASK" shape="round" width="88.779527559054" height="88.779527559054" />
    <padshape layer="INNER" shape="round" width="80.905511811023" height="80.905511811023" />
    <padshape layer="BOTTOM" shape="round" width="80.905511811023" height="80.905511811023" />
    <padshape layer="BOTTOM_SOLDER_MASK" shape="round" width="88.779527559054" height="88.779527559054" />
  </padstyle>
  <padstyle name="s205.5_h137" surface="False" plated="True" isvia="False" nopaste="True" nomask="True" complex="False" holesize="53.937007874015">
    <padshape layer="TOP" shape="square" width="80.905511811023" height="80.905511811023" />
    <padshape layer="TOP_SOLDER_MASK" shape="square" width="88.779527559054" height="88.779527559054" />
    <padshape layer="INNER" shape="round" width="80.905511811023" height="80.905511811023" />
    <padshape layer="BOTTOM" shape="square" width="80.905511811023" height="80.905511811023" />
    <padshape layer="BOTTOM_SOLDER_MASK" shape="square" width="88.779527559054" height="88.779527559054" />
  </padstyle>
  <footprint name="TO254P470X1016X2019-3P" originx="0" originy="0" pickpointx="0" pickpointy="0">
    <pcbpin number="1" name="1" style="s205.5_h137" originx="0" originy="0" rotation="90" />
    <pcbpin number="2" name="2" style="c205.5_h137" originx="99.803149606298" originy="0" rotation="90" />
    <pcbpin number="3" name="3" style="c205.5_h137" originx="199.6062992126" originy="0" rotation="90" />
    <line layer="TOP_PLACE_BOUND" originx="-120.07874015748" originy="133.85826771653" endx="319.68503937007" endy="133.85826771653" width="1.9685039370079" />
    <line layer="TOP_PLACE_BOUND" originx="319.68503937007" originy="133.85826771653" endx="319.68503937007" endy="-70.866141732283" width="1.9685039370079" />
    <line layer="TOP_PLACE_BOUND" originx="319.68503937007" originy="-70.866141732283" endx="-120.07874015748" endy="-70.866141732283" width="1.9685039370079" />
    <line layer="TOP_PLACE_BOUND" originx="-120.07874015748" originy="-70.866141732283" endx="-120.07874015748" endy="133.85826771653" width="1.9685039370079" />
    <line layer="TOP_ASSEMBLY" originx="-110.23622047244" originy="124.01574803149" endx="309.84251968504" endy="124.01574803149" width="3.9370078740157" />
    <line layer="TOP_ASSEMBLY" originx="309.84251968504" originy="124.01574803149" endx="309.84251968504" endy="-61.023622047243" width="3.9370078740157" />
    <line layer="TOP_ASSEMBLY" originx="309.84251968504" originy="-61.023622047243" endx="-110.23622047244" endy="-61.023622047243" width="3.9370078740157" />
    <line layer="TOP_ASSEMBLY" originx="-110.23622047244" originy="-61.023622047243" endx="-110.23622047244" endy="124.01574803149" width="3.9370078740157" />
    <line layer="TOP_ASSEMBLY" originx="-110.23622047244" originy="74.094488188975" endx="-60.314960629921" endy="124.01574803149" width="3.9370078740157" />
    <line layer="TOP_SILKSCREEN" originx="309.84251968504" originy="-61.023622047243" endx="309.84251968504" endy="124.01574803149" width="7.8740157480314" />
    <line layer="TOP_SILKSCREEN" originx="309.84251968504" originy="124.01574803149" endx="-110.23622047244" endy="124.01574803149" width="7.8740157480314" />
    <line layer="TOP_SILKSCREEN" originx="-110.23622047244" originy="124.01574803149" endx="-110.23622047244" endy="0" width="7.8740157480314" />
  </footprint>
  <symbol name="LM7805CT" originx="0" originy="0">
    <line originx="200" originy="100" endx="800" endy="100" width="0" />
    <line originx="800" originy="-300" endx="800" endy="100" width="0" />
    <line originx="800" originy="-300" endx="200" endy="-300" width="0" />
    <line originx="200" originy="100" endx="200" endy="-300" width="0" />
    <sympin number="1" originx="200" originy="0" rotation="180" length="100" width="7.8740157480315" flipped="False">
      <text name="pinname" originx="230" originy="0" style="Default" rotation="0" justify="left" flipped="False" hidden="False" data="INPUT" />
      <text name="pindes" originx="140" originy="20" style="Default" rotation="0" justify="lowerright" flipped="False" hidden="False" data="1" />
    </sympin>
    <sympin number="2" originx="200" originy="-100" rotation="180" length="100" width="7.8740157480315" flipped="False">
      <text name="pinname" originx="230" originy="-100" style="Default" rotation="0" justify="left" flipped="False" hidden="False" data="GND" />
      <text name="pindes" originx="140" originy="-80" style="Default" rotation="0" justify="lowerright" flipped="False" hidden="False" data="2" />
    </sympin>
    <sympin number="3" originx="200" originy="-200" rotation="180" length="100" width="7.8740157480315" flipped="False">
      <text name="pinname" originx="230" originy="-200" style="Default" rotation="0" justify="left" flipped="False" hidden="False" data="OUTPUT" />
      <text name="pindes" originx="140" originy="-180" style="Default" rotation="0" justify="lowerright" flipped="False" hidden="False" data="3" />
    </sympin>
  </symbol>
  <component name="LM7805CT" designatorprefix="Q" height="185.03937007874" footprint="TO254P470X1016X2019-3P">
    <comppin designator="1" sympin="1" pinswap="0" gateswap="0" gate="1" group="1" side="" type="Any" name="INPUT" />
    <comppin designator="2" sympin="2" pinswap="0" gateswap="0" gate="1" group="1" side="" type="Any" name="GND" />
    <comppin designator="3" sympin="3" pinswap="0" gateswap="0" gate="1" group="1" side="" type="Any" name="OUTPUT" />
    <attached_symbol gate="1" name="LM7805CT" />
    <pinmap designator="1" footprintpin="1" />
    <pinmap designator="2" footprintpin="2" />
    <pinmap designator="3" footprintpin="3" />
    <text name="Datasheet" originx="0" originy="0" style="Default" rotation="0" justify="" flipped="False" hidden="True" data="http://www.farnell.com/datasheets/2298694.pdf?_ga=2.188407979.2067214691.1552389282-167411096.1502103357" />
    <text name="Description" originx="0" originy="0" style="Default" rotation="0" justify="" flipped="False" hidden="True" data="Linear Voltage Reg, 5V 1A, 3-Pin TO-220" />
    <text name="Manufacturer_Name" originx="0" originy="0" style="Default" rotation="0" justify="" flipped="False" hidden="True" data="ON Semiconductor" />
    <text name="Manufacturer_Part_Number" originx="850" originy="200" style="Default" rotation="0" justify="left" flipped="False" hidden="False" data="LM7805CT" />
    <text name="Mouser Part Number" originx="0" originy="0" style="Default" rotation="0" justify="" flipped="False" hidden="True" data="512-LM7805CT" />
    <text name="Mouser Price/Stock" originx="0" originy="0" style="Default" rotation="0" justify="" flipped="False" hidden="True" data="https://www.mouser.co.uk/ProductDetail/ON-Semiconductor-Fairchild/LM7805CT?qs=cnIeywgme7bzmZ37%2FiFT9w%3D%3D" />
    <text name="Arrow Part Number" originx="0" originy="0" style="Default" rotation="0" justify="" flipped="False" hidden="True" data="LM7805CT" />
    <text name="Arrow Price/Stock" originx="0" originy="0" style="Default" rotation="0" justify="" flipped="False" hidden="True" data="https://www.arrow.com/en/products/lm7805ct/on-semiconductor" />
  </component>
</quadcept_library>
