<?xml version="1.0" encoding="utf-8"?>
<!--/981226/519604/2.49/3/4/LED/-->
<quadcept_library>
  <setting unit="mil" />
  <textstyle name="Default" height="47.244094488189" strokewidth="7.8740157480315" charwidth="47.244094488189" />
  <textstyle name="Dimension" height="19.6850393700787" strokewidth="0" charwidth="19.6850393700787" />
  <textstyle name="H127W0635TH00762" height="50" strokewidth="3" charwidth="25" />
  <textstyle name="H15W15TH02" height="59.0551181102362" strokewidth="7.8740157480315" charwidth="59.0551181102362" />
  <padstyle name="s150" surface="True" plated="False" isvia="False" nopaste="False" nomask="True" complex="False" holesize="0">
    <padshape layer="TOP" shape="square" width="59.055118110235" height="59.055118110235" />
    <padshape layer="TOP_SOLDER_MASK" shape="square" width="66.929133858267" height="66.929133858267" />
    <padshape layer="TOP_SOLDER_PASTE" shape="square" width="59.055118110235" height="59.055118110235" />
  </padstyle>
  <padstyle name="s90" surface="True" plated="False" isvia="False" nopaste="False" nomask="True" complex="False" holesize="0">
    <padshape layer="TOP" shape="square" width="35.433070866141" height="35.433070866141" />
    <padshape layer="TOP_SOLDER_MASK" shape="square" width="43.307086614173" height="43.307086614173" />
    <padshape layer="TOP_SOLDER_PASTE" shape="square" width="35.433070866141" height="35.433070866141" />
  </padstyle>
  <footprint name="BRPY1211FTR" originx="0" originy="0" pickpointx="0" pickpointy="0">
    <pcbpin number="1" name="1" style="s150" originx="0" originy="-68.897637795275" rotation="90" />
    <pcbpin number="2" name="2" style="s90" originx="25.590551181102" originy="0" rotation="90" />
    <pcbpin number="3" name="3" style="s150" originx="0" originy="68.897637795275" rotation="90" />
    <line layer="TOP_ASSEMBLY" originx="-19.685039370078" originy="-59.055118110235" endx="19.685039370078" endy="-59.055118110235" width="7.8740157480314" />
    <line layer="TOP_ASSEMBLY" originx="19.685039370078" originy="-59.055118110235" endx="19.685039370078" endy="59.055118110235" width="7.8740157480314" />
    <line layer="TOP_ASSEMBLY" originx="19.685039370078" originy="59.055118110235" endx="-19.685039370078" endy="59.055118110235" width="7.8740157480314" />
    <line layer="TOP_ASSEMBLY" originx="-19.685039370078" originy="59.055118110235" endx="-19.685039370078" endy="-59.055118110235" width="7.8740157480314" />
    <line layer="TOP_PLACE_BOUND" originx="-102.36220472441" originy="137.79527559055" endx="82.67716535433" endy="137.79527559055" width="3.9370078740157" />
    <line layer="TOP_PLACE_BOUND" originx="82.67716535433" originy="137.79527559055" endx="82.67716535433" endy="-137.79527559055" width="3.9370078740157" />
    <line layer="TOP_PLACE_BOUND" originx="82.67716535433" originy="-137.79527559055" endx="-102.36220472441" endy="-137.79527559055" width="3.9370078740157" />
    <line layer="TOP_PLACE_BOUND" originx="-102.36220472441" originy="-137.79527559055" endx="-102.36220472441" endy="137.79527559055" width="3.9370078740157" />
    <line layer="TOP_SILKSCREEN" originx="-62.992125984251" originy="-70.866141732283" endx="-62.992125984251" endy="-70.866141732283" width="7.8740157480314" />
    <arc layer="TOP_SILKSCREEN" originx="-61.023622047243" originy="-70.866141732283" startangle="180.0" sweepangle="180.0" radius="1.9685039370079" width="7.8740157480314" />
    <line layer="TOP_SILKSCREEN" originx="-59.055118110235" originy="-70.866141732283" endx="-59.055118110235" endy="-70.866141732283" width="7.8740157480314" />
    <arc layer="TOP_SILKSCREEN" originx="-61.023622047243" originy="-70.866141732283" startangle=".0" sweepangle="180.0" radius="1.9685039370079" width="7.8740157480314" />
    <line layer="TOP_SILKSCREEN" originx="-62.992125984251" originy="-70.866141732283" endx="-62.992125984251" endy="-70.866141732283" width="7.8740157480314" />
    <arc layer="TOP_SILKSCREEN" originx="-61.023622047243" originy="-70.866141732283" startangle="180.0" sweepangle="180.0" radius="1.9685039370079" width="7.8740157480314" />
  </footprint>
  <symbol name="BRPY1211F-TR" originx="0" originy="0">
    <line originx="200" originy="100" endx="1000" endy="100" width="0" />
    <line originx="1000" originy="-200" endx="1000" endy="100" width="0" />
    <line originx="1000" originy="-200" endx="200" endy="-200" width="0" />
    <line originx="200" originy="100" endx="200" endy="-200" width="0" />
    <sympin number="1" originx="200" originy="-100" rotation="180" length="100" width="7.8740157480315" flipped="False">
      <text name="pinname" originx="230" originy="-100" style="Default" rotation="0" justify="left" flipped="False" hidden="False" data="PG/PY" />
      <text name="pindes" originx="140" originy="-80" style="Default" rotation="0" justify="lowerright" flipped="False" hidden="False" data="1" />
    </sympin>
    <sympin number="2" originx="1000" originy="0" rotation="0" length="100" width="7.8740157480315" flipped="False">
      <text name="pinname" originx="970" originy="0" style="Default" rotation="0" justify="right" flipped="False" hidden="False" data="AY/BR" />
      <text name="pindes" originx="1060" originy="20" style="Default" rotation="0" justify="lowerleft" flipped="False" hidden="False" data="2" />
    </sympin>
    <sympin number="3" originx="200" originy="0" rotation="180" length="100" width="7.8740157480315" flipped="False">
      <text name="pinname" originx="230" originy="0" style="Default" rotation="0" justify="left" flipped="False" hidden="False" data="A" />
      <text name="pindes" originx="140" originy="20" style="Default" rotation="0" justify="lowerright" flipped="False" hidden="False" data="3" />
    </sympin>
  </symbol>
  <component name="BRPY1211F-TR" designatorprefix="LED" height="84.645669291338" footprint="BRPY1211FTR">
    <comppin designator="1" sympin="1" pinswap="0" gateswap="0" gate="1" group="1" side="" type="Any" name="PG/PY" />
    <comppin designator="2" sympin="2" pinswap="0" gateswap="0" gate="1" group="1" side="" type="Any" name="AY/BR" />
    <comppin designator="3" sympin="3" pinswap="0" gateswap="0" gate="1" group="1" side="" type="Any" name="A" />
    <attached_symbol gate="1" name="BRPY1211F-TR" />
    <pinmap designator="1" footprintpin="1" />
    <pinmap designator="2" footprintpin="2" />
    <pinmap designator="3" footprintpin="3" />
    <text name="Datasheet" originx="0" originy="0" style="Default" rotation="0" justify="" flipped="False" hidden="True" data="https://media.digikey.com/pdf/Data Sheets/Stanley Electric PDFs/1211F_Series.pdf" />
    <text name="Description" originx="0" originy="0" style="Default" rotation="0" justify="" flipped="False" hidden="True" data="Standard LEDs - SMD Surface Mount LED" />
    <text name="Manufacturer_Name" originx="0" originy="0" style="Default" rotation="0" justify="" flipped="False" hidden="True" data="Stanley Electric" />
    <text name="Manufacturer_Part_Number" originx="1050" originy="200" style="Default" rotation="0" justify="left" flipped="False" hidden="False" data="BRPY1211F-TR" />
    <text name="Mouser Part Number" originx="0" originy="0" style="Default" rotation="0" justify="" flipped="False" hidden="True" data="327-BRPY1211FTR" />
    <text name="Mouser Price/Stock" originx="0" originy="0" style="Default" rotation="0" justify="" flipped="False" hidden="True" data="https://www.mouser.co.uk/ProductDetail/Stanley-Electric/BRPY1211F-TR?qs=byeeYqUIh0P3w3bvKVZ2SQ%3D%3D" />
    <text name="Arrow Part Number" originx="0" originy="0" style="Default" rotation="0" justify="" flipped="False" hidden="True" data="BRPY1211F-TR" />
    <text name="Arrow Price/Stock" originx="0" originy="0" style="Default" rotation="0" justify="" flipped="False" hidden="True" data="https://www.arrow.com/en/products/brpy1211f-tr/stanley-electric" />
  </component>
</quadcept_library>
