<?xml version="1.0" encoding="utf-8"?>
<!--/177970/519604/2.49/2/5/Resistor/-->
<quadcept_library>
  <setting unit="mil" />
  <textstyle name="Default" height="47.244094488189" strokewidth="7.8740157480315" charwidth="47.244094488189" />
  <textstyle name="Dimension" height="19.6850393700787" strokewidth="0" charwidth="19.6850393700787" />
  <textstyle name="H127W0635TH00762" height="50" strokewidth="3" charwidth="25" />
  <textstyle name="H15W15TH02" height="59.0551181102362" strokewidth="7.8740157480315" charwidth="59.0551181102362" />
  <padstyle name="r230_125" surface="True" plated="False" isvia="False" nopaste="False" nomask="True" complex="False" holesize="0">
    <padshape layer="TOP" shape="rectangle" width="49.212598425196" height="90.551181102361" />
    <padshape layer="TOP_SOLDER_MASK" shape="rectangle" width="57.086614173228" height="98.425196850392" />
    <padshape layer="TOP_SOLDER_PASTE" shape="rectangle" width="49.212598425196" height="90.551181102361" />
  </padstyle>
  <footprint name="ERJP14D1000U" originx="0" originy="0" pickpointx="0" pickpointy="0">
    <pcbpin number="1" name="1" style="r230_125" originx="-67.913385826771" originy="0" rotation="0" />
    <pcbpin number="2" name="2" style="r230_125" originx="67.913385826771" originy="0" rotation="0" />
    <line layer="TOP_ASSEMBLY" originx="-62.992125984251" originy="49.212598425196" endx="62.992125984251" endy="49.212598425196" width="3.9370078740157" />
    <line layer="TOP_ASSEMBLY" originx="62.992125984251" originy="49.212598425196" endx="62.992125984251" endy="-49.212598425196" width="3.9370078740157" />
    <line layer="TOP_ASSEMBLY" originx="62.992125984251" originy="-49.212598425196" endx="-62.992125984251" endy="-49.212598425196" width="3.9370078740157" />
    <line layer="TOP_ASSEMBLY" originx="-62.992125984251" originy="-49.212598425196" endx="-62.992125984251" endy="49.212598425196" width="3.9370078740157" />
    <line layer="TOP_PLACE_BOUND" originx="-131.88976377953" originy="88.582677165353" endx="131.88976377953" endy="88.582677165353" width="3.9370078740157" />
    <line layer="TOP_PLACE_BOUND" originx="131.88976377953" originy="88.582677165353" endx="131.88976377953" endy="-88.582677165353" width="3.9370078740157" />
    <line layer="TOP_PLACE_BOUND" originx="131.88976377953" originy="-88.582677165353" endx="-131.88976377953" endy="-88.582677165353" width="3.9370078740157" />
    <line layer="TOP_PLACE_BOUND" originx="-131.88976377953" originy="-88.582677165353" endx="-131.88976377953" endy="88.582677165353" width="3.9370078740157" />
    <line layer="TOP_SILKSCREEN" originx="-110.23622047244" originy="3.9370078740157" endx="-110.23622047244" endy="3.9370078740157" width="7.8740157480314" />
    <arc layer="TOP_SILKSCREEN" originx="-110.23622047244" originy="0" startangle="90.0" sweepangle="180.0" radius="3.9370078740157" width="7.8740157480314" />
    <line layer="TOP_SILKSCREEN" originx="-110.23622047244" originy="-3.9370078740157" endx="-110.23622047244" endy="-3.9370078740157" width="7.8740157480314" />
    <arc layer="TOP_SILKSCREEN" originx="-110.23622047244" originy="0" startangle="-90.0" sweepangle="180.0" radius="3.9370078740157" width="7.8740157480314" />
  </footprint>
  <symbol name="ERJP14J201U" originx="0" originy="0">
    <line originx="200" originy="50" endx="500" endy="50" width="0" />
    <line originx="500" originy="-50" endx="500" endy="50" width="0" />
    <line originx="500" originy="-50" endx="200" endy="-50" width="0" />
    <line originx="200" originy="50" endx="200" endy="-50" width="0" />
    <sympin number="1" originx="200" originy="0" rotation="180" length="100" width="7.8740157480315" flipped="False">
      <text name="pinname" originx="0" originy="-10" style="Default" rotation="0" justify="upperleft" flipped="False" hidden="True" data="1" />
      <text name="pindes" originx="0" originy="10" style="Default" rotation="0" justify="lowerleft" flipped="False" hidden="False" data="1" />
    </sympin>
    <sympin number="2" originx="500" originy="0" rotation="0" length="100" width="7.8740157480315" flipped="False">
      <text name="pinname" originx="700" originy="-10" style="Default" rotation="0" justify="upperright" flipped="False" hidden="True" data="2" />
      <text name="pindes" originx="700" originy="10" style="Default" rotation="0" justify="lowerright" flipped="False" hidden="False" data="2" />
    </sympin>
  </symbol>
  <component name="ERJP14J201U" designatorprefix="R" height="27.55905511811" footprint="ERJP14D1000U">
    <comppin designator="1" sympin="1" pinswap="0" gateswap="0" gate="1" group="1" side="" type="Any" name="1" />
    <comppin designator="2" sympin="2" pinswap="0" gateswap="0" gate="1" group="1" side="" type="Any" name="2" />
    <attached_symbol gate="1" name="ERJP14J201U" />
    <pinmap designator="1" footprintpin="1" />
    <pinmap designator="2" footprintpin="2" />
    <text name="Datasheet" originx="0" originy="0" style="Default" rotation="0" justify="" flipped="False" hidden="True" data="http://industrial.panasonic.com/cdbs/www-data/pdf/RDA0000/AOA0000C102.pdf" />
    <text name="Description" originx="0" originy="0" style="Default" rotation="0" justify="" flipped="False" hidden="True" data="Panasonic ERJP14 Series Thick Film Surface Mount Resistor 1210 Case 200 +/-5% 0.5W +/-200ppm/C" />
    <text name="Manufacturer_Name" originx="0" originy="0" style="Default" rotation="0" justify="" flipped="False" hidden="True" data="Panasonic" />
    <text name="Manufacturer_Part_Number" originx="550" originy="150" style="Default" rotation="0" justify="left" flipped="False" hidden="False" data="ERJP14J201U" />
    <text name="Mouser Part Number" originx="0" originy="0" style="Default" rotation="0" justify="" flipped="False" hidden="True" data="" />
    <text name="Mouser Price/Stock" originx="0" originy="0" style="Default" rotation="0" justify="" flipped="False" hidden="True" data="" />
    <text name="Arrow Part Number" originx="0" originy="0" style="Default" rotation="0" justify="" flipped="False" hidden="True" data="" />
    <text name="Arrow Price/Stock" originx="0" originy="0" style="Default" rotation="0" justify="" flipped="False" hidden="True" data="" />
  </component>
</quadcept_library>
