<?xml version="1.0" encoding="utf-8"?>
<!--/189579/517467/2.49/2/4/Resistor/-->
<quadcept_library>
  <setting unit="mil" />
  <textstyle name="Default" height="47.244094488189" strokewidth="7.8740157480315" charwidth="47.244094488189" />
  <textstyle name="Dimension" height="19.6850393700787" strokewidth="0" charwidth="19.6850393700787" />
  <textstyle name="H127W0635TH00762" height="50" strokewidth="3" charwidth="25" />
  <textstyle name="H15W15TH02" height="59.0551181102362" strokewidth="7.8740157480315" charwidth="59.0551181102362" />
  <padstyle name="c142.5_h95" surface="False" plated="True" isvia="False" nopaste="True" nomask="True" complex="False" holesize="37.401574803149">
    <padshape layer="TOP" shape="round" width="56.102362204724" height="56.102362204724" />
    <padshape layer="TOP_SOLDER_MASK" shape="round" width="63.976377952755" height="63.976377952755" />
    <padshape layer="INNER" shape="round" width="56.102362204724" height="56.102362204724" />
    <padshape layer="BOTTOM" shape="round" width="56.102362204724" height="56.102362204724" />
    <padshape layer="BOTTOM_SOLDER_MASK" shape="round" width="63.976377952755" height="63.976377952755" />
  </padstyle>
  <footprint name="RESAD2400W75L1000D350" originx="0" originy="0" pickpointx="0" pickpointy="0">
    <pcbpin number="1" name="1" style="c142.5_h95" originx="0" originy="0" rotation="90" />
    <pcbpin number="2" name="2" style="c142.5_h95" originx="944.88188976377" originy="0" rotation="90" />
    <line layer="TOP_PLACE_BOUND" originx="-37.874015748031" originy="82.67716535433" endx="982.79527559054" endy="82.67716535433" width="1.9685039370079" />
    <line layer="TOP_PLACE_BOUND" originx="982.79527559054" originy="82.67716535433" endx="982.79527559054" endy="-82.67716535433" width="1.9685039370079" />
    <line layer="TOP_PLACE_BOUND" originx="982.79527559054" originy="-82.67716535433" endx="-37.874015748031" endy="-82.67716535433" width="1.9685039370079" />
    <line layer="TOP_PLACE_BOUND" originx="-37.874015748031" originy="-82.67716535433" endx="-37.874015748031" endy="82.67716535433" width="1.9685039370079" />
    <line layer="TOP_ASSEMBLY" originx="275.5905511811" originy="68.897637795275" endx="669.29133858267" endy="68.897637795275" width="3.9370078740157" />
    <line layer="TOP_ASSEMBLY" originx="669.29133858267" originy="68.897637795275" endx="669.29133858267" endy="-68.897637795275" width="3.9370078740157" />
    <line layer="TOP_ASSEMBLY" originx="669.29133858267" originy="-68.897637795275" endx="275.5905511811" endy="-68.897637795275" width="3.9370078740157" />
    <line layer="TOP_ASSEMBLY" originx="275.5905511811" originy="-68.897637795275" endx="275.5905511811" endy="68.897637795275" width="3.9370078740157" />
    <line layer="TOP_ASSEMBLY" originx="0" originy="0" endx="275.5905511811" endy="0" width="3.9370078740157" />
    <line layer="TOP_ASSEMBLY" originx="669.29133858267" originy="0" endx="944.88188976377" endy="0" width="3.9370078740157" />
    <line layer="TOP_SILKSCREEN" originx="275.5905511811" originy="68.897637795275" endx="669.29133858267" endy="68.897637795275" width="7.8740157480314" />
    <line layer="TOP_SILKSCREEN" originx="669.29133858267" originy="68.897637795275" endx="669.29133858267" endy="-68.897637795275" width="7.8740157480314" />
    <line layer="TOP_SILKSCREEN" originx="669.29133858267" originy="-68.897637795275" endx="275.5905511811" endy="-68.897637795275" width="7.8740157480314" />
    <line layer="TOP_SILKSCREEN" originx="275.5905511811" originy="-68.897637795275" endx="275.5905511811" endy="68.897637795275" width="7.8740157480314" />
    <line layer="TOP_SILKSCREEN" originx="41.811023622047" originy="0" endx="275.5905511811" endy="0" width="7.8740157480314" />
    <line layer="TOP_SILKSCREEN" originx="669.29133858267" originy="0" endx="903.07086614172" endy="0" width="7.8740157480314" />
  </footprint>
  <symbol name="ROX1SJ2K2" originx="0" originy="0">
    <line originx="200" originy="50" endx="500" endy="50" width="0" />
    <line originx="500" originy="-50" endx="500" endy="50" width="0" />
    <line originx="500" originy="-50" endx="200" endy="-50" width="0" />
    <line originx="200" originy="50" endx="200" endy="-50" width="0" />
    <sympin number="1" originx="200" originy="0" rotation="180" length="100" width="7.8740157480315" flipped="False">
      <text name="pinname" originx="0" originy="-10" style="Default" rotation="0" justify="upperleft" flipped="False" hidden="True" data="1" />
      <text name="pindes" originx="0" originy="10" style="Default" rotation="0" justify="lowerleft" flipped="False" hidden="False" data="1" />
    </sympin>
    <sympin number="2" originx="500" originy="0" rotation="0" length="100" width="7.8740157480315" flipped="False">
      <text name="pinname" originx="700" originy="-10" style="Default" rotation="0" justify="upperright" flipped="False" hidden="True" data="2" />
      <text name="pindes" originx="700" originy="10" style="Default" rotation="0" justify="lowerright" flipped="False" hidden="False" data="2" />
    </sympin>
  </symbol>
  <component name="ROX1SJ2K2" designatorprefix="R" height="0" footprint="RESAD2400W75L1000D350">
    <comppin designator="1" sympin="1" pinswap="0" gateswap="0" gate="1" group="1" side="" type="Any" name="1" />
    <comppin designator="2" sympin="2" pinswap="0" gateswap="0" gate="1" group="1" side="" type="Any" name="2" />
    <attached_symbol gate="1" name="ROX1SJ2K2" />
    <pinmap designator="1" footprintpin="1" />
    <pinmap designator="2" footprintpin="2" />
    <text name="Datasheet" originx="0" originy="0" style="Default" rotation="0" justify="" flipped="False" hidden="True" data="https://www.te.com/commerce/DocumentDelivery/DDEController?Action=showdoc&amp;DocId=Data Sheet1773271EpdfEnglishENG_DS_1773271_E.pdf5-1625885-3" />
    <text name="Description" originx="0" originy="0" style="Default" rotation="0" justify="" flipped="False" hidden="True" data="TE Connectivity ROX1S Series Axial Metal Film Fixed Resistor 2.2k +/-5% 1W +/-300ppm/C" />
    <text name="Manufacturer_Name" originx="0" originy="0" style="Default" rotation="0" justify="" flipped="False" hidden="True" data="TE Connectivity" />
    <text name="Manufacturer_Part_Number" originx="550" originy="150" style="Default" rotation="0" justify="left" flipped="False" hidden="False" data="ROX1SJ2K2" />
    <text name="Mouser Part Number" originx="0" originy="0" style="Default" rotation="0" justify="" flipped="False" hidden="True" data="279-ROX1S2K2" />
    <text name="Mouser Price/Stock" originx="0" originy="0" style="Default" rotation="0" justify="" flipped="False" hidden="True" data="https://www.mouser.com/Search/Refine.aspx?Keyword=279-ROX1S2K2" />
    <text name="Arrow Part Number" originx="0" originy="0" style="Default" rotation="0" justify="" flipped="False" hidden="True" data="" />
    <text name="Arrow Price/Stock" originx="0" originy="0" style="Default" rotation="0" justify="" flipped="False" hidden="True" data="" />
  </component>
</quadcept_library>
